Barcode,fluorescent
AAACGGTTGCGAACTG-1,green
AAACTCGTGATATAAG-1,green
AAACTTGCAAACGTAT-1,green
AAAGCTTGCCTACATA-1,green
AAAGGCTACGGACCAT-1,green
AAAGGCTCTCGCGCCG-1,green
AAAGTAGCATTGCTCA-1,green
AAATAAGGTAGTGCCC-1,green
AAATAGCTTAGACTTT-1,green
AAATGGCCCGTGCCCT-1,green
AAATTCCAGGTCCAAA-1,green
AACACGAGACGCGGCC-1,green
AACATTGTGACTCGAG-1,green
AACCTGTCACGGAATT-1,green
AACGCGACCTTGGGCG-1,green
AACTAGGCTTGGGTGT-1,green
AAGACCCAACTGAACA-1,green
AAGTGAGTCGGGTTTA-1,green
AAGTGCGTTAGAATCT-1,green
AATAGTCCGTCCCGAC-1,green
AATCTATGCCGGAGCC-1,green
AATGTGCCCGAGGTGT-1,green
AATTCCAAGCATGTAC-1,green
ACACCACATAATTAGC-1,green
ACAGAACTGAGAACAA-1,green
ACATCCCGGCCATACG-1,green
ACCACCCTCTCTTCTA-1,green
ACCCGTGTCATCAGTA-1,green
ACCTCCGTTATTCACC-1,green
ACCTGCGTGTCATGTT-1,green
ACGAGGATACCACTCT-1,green
ACGAGTACGGATGCCC-1,green
ACGCAATCACTACAGC-1,green
ACGGCACTTGCTTGGG-1,green
ACGGCCAACATGGACT-1,green
ACGGGAGTGTCGGCCC-1,green
ACGGGCGTATGCGACA-1,green
ACGTTCGCAATCAATT-1,green
ACTACGCGTTAGAATT-1,green
ACTCCCATTCCTAAAG-1,green
ACTCCCGAATTCGTTT-1,green
ACTCGTAACCCGTCCT-1,green
ACTGCGGACACACCGT-1,green
ACTTCGCTAGCGAGTG-1,green
ACTTTACCCTCATGAA-1,green
AGAAGTGATTCGTGAT-1,green
AGAGTATAGTGTTACG-1,green
AGATGATGGAGTCTGG-1,green
AGCAACCGAAAGTAAT-1,green
AGCAGCCAGATGAATA-1,green
AGCATCATTTCGAAAG-1,green
AGCCAAGCTTTGTGTC-1,green
AGCCCGGTAGCCTGTA-1,green
AGCCGTGGCTAAATGT-1,green
AGCGCATAATGAATCG-1,green
AGCGGACACTTCGTAG-1,green
AGCTGTAACCTCAATC-1,green
AGGAGACATCCACAGT-1,green
AGGATAAAGTCGGGAT-1,green
AGGATTGCTTACGACA-1,green
AGGCAGGGAGCGTACT-1,green
AGGCCCTAGAACGCCA-1,green
AGGGACCGGCTGCGTT-1,green
AGGGACTCTACGCGAC-1,green
AGGGAGACATACTTCG-1,green
AGGGCGAGCAGCTGAT-1,green
AGGTATAATTGATAGT-1,green
AGGTCAGGTGAGAGTG-1,green
AGGTCGCGGAGTTACT-1,green
AGGTGGTGACCTTCGC-1,green
AGTACATCATTTATCA-1,green
AGTATACACAGCGACA-1,green
AGTATGCTGGAGACCA-1,green
AGTATTTGGCACGACC-1,green
AGTCGGCTCAACTTTA-1,green
AGTCTAAAGTATACTC-1,green
AGTGAGCCTCGCCGCC-1,green
AGTTAAGTCAACCGCT-1,green
AGTTTATGTAAAGACA-1,green
ATAAGTAGGATTCAGA-1,green
ATAAGTAGGGCGACTC-1,green
ATACGGAACGTCGTTT-1,green
ATCTGCTGTTATCGCC-1,green
ATCTTGACTTGTCCAA-1,green
ATCTTTCGTATAACCA-1,green
ATGGCGGAATAGTCGC-1,green
ATGTAAGGCTGCTCTT-1,green
ATGTGAAAGCCTAATG-1,green
ATGTTGTAGTCTGTTT-1,green
ATGTTTCGGCCCGGAG-1,green
ATTAGATTCCTCAGCA-1,green
ATTATAGCTACTTTAC-1,green
ATTTACTAAGTCCATT-1,green
CAAATCTCTCACAAGG-1,green
CAACACATCTCCTGCC-1,green
CAACCTGAACCTGCCA-1,green
CAACTGCTCATCCGAT-1,green
CAAGACTCAGAAGCGC-1,green
CAAGGTCCTATAGGCT-1,green
CAATGAGGTTCGACTA-1,green
CAATGTGCCAACCCTT-1,green
CACAGGGCCGTTGTCA-1,green
CACCCAAATCTTATGT-1,green
CACTGACGATTGTGGA-1,green
CAGATCCTGGTTTGAA-1,green
CAGCTGGCGTAACCGT-1,green
CAGGCGCACGGTGGTC-1,green
CAGTACCAGTTTACGT-1,green
CATACACGGTTCCCAC-1,green
CATATGTCAGGCTACG-1,green
CATTACATAGATTGTG-1,green
CATTCCCATTCCGTCG-1,green
CATTGATGAACACGCC-1,green
CATTGCGGGTCAATTC-1,green
CCAAGAAAGTGGGCGA-1,green
CCACGGAGCCATAAGA-1,green
CCACGGTGCCCGGTAG-1,green
CCACGTAAATTAGACT-1,green
CCACTATCCGGGTCAC-1,green
CCAGCGGGATCACCAG-1,green
CCAGTCTTGTCATAGA-1,green
CCATACCTTTACTTGT-1,green
CCATTGTTTCCTCCAT-1,green
CCCGGGTCGTTCAGGG-1,green
CCCGGTGTATCGGAAT-1,green
CCGAACACTGGGCCTC-1,green
CCGAAGGGCGTACCGC-1,green
CCGACGGGCATGAGGT-1,green
CCGCTTGCTGACATGG-1,green
CCGGAGCGTACTTTCT-1,green
CCGGCACGACCGTTTC-1,green
CCGTATCTCGTCGTAG-1,green
CCGTGAGGCATTCATG-1,green
CCTATATTTGTCCTGG-1,green
CCTCACCTGAGGGAGC-1,green
CCTCGCGCTGTGCGAT-1,green
CCTCTATCGATTAGCA-1,green
CCTCTGTACTATTCTA-1,green
CCTGTCCCTCACGTTA-1,green
CCTTCAGTTAAAGTGA-1,green
CCTTTAAGGGAGCACT-1,green
CGAATGACGCATAATG-1,green
CGACTTTGTATAGCCT-1,green
CGAGGAGCTTCCATAT-1,green
CGAGGATCGGGAACGA-1,green
CGAGGGTATCCAGGTG-1,green
CGATCTGTTGGAGGAC-1,green
CGATTAAATATCTCCT-1,green
CGCAGATCTTCACCCG-1,green
CGCATCCATCAGCCAG-1,green
CGCCCAGCACGCCTAG-1,green
CGCGAGTCTGCCGGGT-1,green
CGCGCAAATGTCCAGA-1,green
CGCGGTAAGTCTAGCT-1,green
CGCTTAGTATTGATAC-1,green
CGGAGCAATTTAATCG-1,green
CGGCCAGAGCGACCAT-1,green
CGGCCCAACCTGTAGT-1,green
CGGTCCGTCGCAAGCC-1,green
CGTCGGGTCTAAGCGC-1,green
CGTGACCAGTCCTCTG-1,green
CGTGTGTTAAACCCTG-1,green
CGTTCAGACCCGCGAA-1,green
CGTTCATGGTGCGCGT-1,green
CGTTGCCCGCGTGGGA-1,green
CGTTGTAAGATTGATT-1,green
CTAATTCTCAGATATT-1,green
CTACTATCATAGGTTT-1,green
CTAGATGTGAGTGTAA-1,green
CTAGGTCTGAAGGAAT-1,green
CTATGCCCGAATGCAA-1,green
CTATGTGAGTCACGGC-1,green
CTCATCACTTAGTGAT-1,green
CTCATGGTAATTTGCG-1,green
CTCATTAACGTTGCCC-1,green
CTCCCTCCTTTCGATC-1,green
CTCCTCCAGCTCACAC-1,green
CTCGGGATAACACCTA-1,green
CTCGGTTGTCGGCCCT-1,green
CTCTAATGCATTGATC-1,green
CTCTTGTCCCGCTTGG-1,green
CTGAGCGAGACTTATT-1,green
CTGCACCTAGTCCACA-1,green
CTGCCTCATATGCAAC-1,green
CTGGCATCCGAATGAG-1,green
CTGGCTGGTTGTCAGT-1,green
CTGGGATACGCTACCC-1,green
CTTCAGTGGTCGCCTA-1,green
CTTCCGCTCCGTGAAG-1,green
CTTCTATGTTGAAGTA-1,green
CTTGGCCAAGCTGGGA-1,green
GAAACCATGGTGCGCT-1,green
GAAACCTATACAAATG-1,green
GAAAGCAGTGCACTTT-1,green
GAACGATAAGTTAAAG-1,green
GAAGCCTGCACATTCC-1,green
GAAGCTCGGACCCGTC-1,green
GAAGGAGTCGAGTGCG-1,green
GAAGGCTACCATTGTT-1,green
GAAGTCAGTTGCACTA-1,green
GACCCAATTATGATAC-1,green
GACGCCGTAAAGGCTA-1,green
GACGGGTTGGCCCGTA-1,green
GACGTTCGTAAATACA-1,green
GACTACAAAGCGGTGG-1,green
GACTCCCAGAATAAGG-1,green
GAGACTTCGCGACCGA-1,green
GAGAGGTGCATTCTGG-1,green
GAGATGACAATCCTTA-1,green
GAGGCCCGACTCCGCA-1,green
GAGTTGATGGCAATTT-1,green
GATCTGCTATCTAAGG-1,green
GATGTAACGAACCACC-1,green
GCAACACACTAGAACT-1,green
GCAATTAGTCGCACCG-1,green
GCAGCCTATATCACAT-1,green
GCATTCAAGGCAACGC-1,green
GCATTTCCAAGGCTCC-1,green
GCCAACCATTTCCGGA-1,green
GCCATCGATGCTGCAT-1,green
GCCCAGATGCTGGAGA-1,green
GCCCGACTTCTTCCCG-1,green
GCCCGATCTGTGGTCG-1,green
GCCCTAGCCGTCGCGA-1,green
GCGAGAGTTGCGTCCA-1,green
GCGCAAATATATTCAA-1,green
GCGGGCATTACGATGC-1,green
GCGGGCGAGCCTTACC-1,green
GCGTCGCCAGGGTGAT-1,green
GCGTCTAACCTCCTAA-1,green
GCTCAATGTAATACCG-1,green
GCTCTTTCCGCTAGTG-1,green
GCTGCTAAGTAGTCGA-1,green
GCTGGCGGCGCATGCT-1,green
GCTTACGTAGTTAGTA-1,green
GGATCTTGACTCAACC-1,green
GGCAAGCCCATAGTGG-1,green
GGCCCGGAGCATGTCT-1,green
GGCCCGTATACCATGC-1,green
GGCTTTCAATAAGGGT-1,green
GGGACCCGTATATCTT-1,green
GGGCAACCGCACGTGC-1,green
GGGCAGAGCAATCGTT-1,green
GGGCGCAGCGTTACTC-1,green
GGGCTATGATCGATGG-1,green
GGGTCAGGAGCTAGAT-1,green
GGGTCGTGGCAAGTGT-1,green
GGGTGCATATGAAAGC-1,green
GGTAACCGGGAGGATA-1,green
GGTACACCAGATTTAT-1,green
GGTACCATTAAGACGG-1,green
GGTAGACCGTTGGGCG-1,green
GGTATAGTGACACATA-1,green
GGTCGGTCGTCCACAG-1,green
GGTCGTAAGCTCGCAC-1,green
GGTGCATAAATGATTA-1,green
GGTTACCCGACACTTT-1,green
GGTTTAATTGAGCAGG-1,green
GTAACTGCCCAAGGAG-1,green
GTAATAAAGGGCTCCC-1,green
GTATGAAATTTCACTC-1,green
GTCCAATATTTAGCCT-1,green
GTCGTCTGGTTGGCTA-1,green
GTCGTGTCTGGTCATC-1,green
GTCTCGACTAAGTTTG-1,green
GTGAACTCCCATTCGA-1,green
GTGACCTAAAGAATAA-1,green
GTGACGAGGGTGACCC-1,green
GTGAGTGGTACAACGC-1,green
GTGCACCAGCTTCAAC-1,green
GTGGCAAACAGCGGCA-1,green
GTGGTTACTTCTTTCG-1,green
GTTAAGTTAGAGTGGG-1,green
GTTAGCCGTAAATCAA-1,green
GTTATATCAGGAGCCA-1,green
GTTCATCGTTTGGCTG-1,green
GTTCGGGCGTACCATT-1,green
GTTGGTCATGCTATCC-1,green
GTTTGGTAGGGTCAAC-1,green
TAAAGCGGTATTTCCA-1,green
TAAATCTTTACACCTC-1,green
TAACATACACGCGATC-1,green
TAACTATTACGCCAAA-1,green
TAAGGCATAACATCAA-1,green
TAATAGCTAAATGATG-1,green
TACACCGTCGTTAGTC-1,green
TACCAAATAGCCCAGA-1,green
TACCGTAGGTTAACTA-1,green
TACCTACTCCCAGTAT-1,green
TACCTCAGTTGTCTGT-1,green
TACGCCTCCATTCCGA-1,green
TACGCTATAGAAACCT-1,green
TACTTTCCGCACGCCA-1,green
TAGAGATCATGCAACT-1,green
TAGCTAGTGATGATGG-1,green
TAGGTGTTCCACAGAT-1,green
TAGTCCCGGAGACCAC-1,green
TATCCGCACCGTCGGG-1,green
TATGATCCGGCACGCC-1,green
TATGGCTAGGCTAATT-1,green
TATGTAAAGTGCTTAA-1,green
TATTGACATTTCTGCC-1,green
TCAAGAAATACTAGCT-1,green
TCAAGCTGCCTTGAAA-1,green
TCAATACGCCGTCATG-1,green
TCACGATGTCCGTGGA-1,green
TCAGAACCTCCACAGG-1,green
TCCAATAAAGGCTACC-1,green
TCCACCTCTAGCCTTT-1,green
TCCAGATGTACGCCAA-1,green
TCCAGGGTATATACGA-1,green
TCCCACTCTCTTCCGG-1,green
TCCCGCCTATGTGCGT-1,green
TCCCGTCGCGTCATAG-1,green
TCCCTAGATCAATAGG-1,green
TCCGAATGGTCCTGAG-1,green
TCCTAACCGTCGGGCA-1,green
TCCTCCTAAGACATTC-1,green
TCGCTCGGCACCAGCG-1,green
TCGGAGAGTATCGGGA-1,green
TCGGGAACGTGCCTAG-1,green
TCGGTCCCGACAATAG-1,green
TCGTTAGGAGTCCCTA-1,green
TCTAATACTGCCTCAG-1,green
TCTGACGGGCTAACCC-1,green
TCTGATCGGGTGCTAG-1,green
TCTGATTGGAAATGGA-1,green
TCTGGCCGTTCAAGTT-1,green
TCTTTAGCAGGCGAAC-1,green
TGAATGAGTGTTTCCC-1,green
TGACGAATATTTCCCT-1,green
TGAGGAGTGCCAGCTT-1,green
TGATCCCAGCATTAGT-1,green
TGATGGCTGTTTCTGA-1,green
TGATTCCCGGTTACCT-1,green
TGCCAATGGGTACTCT-1,green
TGCCGAAAGCGTATTC-1,green
TGCCGTGGATCGTCCT-1,green
TGCGTCATGACTGAGC-1,green
TGCTCGGCGAAACCCA-1,green
TGGCAAGCACAAGTCG-1,green
TGGTTAAGGGCGCTGG-1,green
TGGTTTAAACGTGGGT-1,green
TGTGAGACTAGCCCAA-1,green
TGTGGCGGGCTTCTGG-1,green
TGTGGTTGCTAAAGCT-1,green
TTAACTTCAGGTAGGA-1,green
TTACCCTAGGGATTGG-1,green
TTATCCTCAAGGAATA-1,green
TTCACTTCCTAGAACG-1,green
TTCGCACTGTACGACA-1,green
TTCTATGCCTTTCGCA-1,green
TTCTGCTAGACTCCAA-1,green
TTGATAGTCAATACAT-1,green
TTGCCATAGCCCGCTC-1,green
TTGGAAGAATACAGTC-1,green
TTGGCGATCCGAATAT-1,green
TTGGTATGGCTTGTGT-1,green
TTGGTTGCGGTGCGCG-1,green
TTGTGGTAGGAGGGAT-1,green
TTGTGTATGCCACCAA-1,green
TTGTTTCCATACAACT-1,green
